image_id,original_image,bev_image,usable_area_percent,black_area_percent,sharpness_score,blur_status,original_edge_density,bev_edge_density,edge_preservation_ratio,edge_status,ssim_score,ssim_status,original_aspect_ratio,bev_aspect_ratio,aspect_ratio_change,aspect_ratio_status,brightness_ratio,contrast_ratio,brightness_contrast_status,bev_usability_score,final_status
1,sukshi_parking/1.jpeg,bev/1_bev.png,93.6399,6.3601,186.0293,sharp,0.125508,0.069491,0.553676,good,0.213206,poor,2.144054,1.0,0.466406,poor,0.929079,1.103061,good,69.01,usable_for_v1
10,sukshi_parking/10.jpeg,bev/10_bev.png,84.7555,15.2445,292.2435,sharp,0.158824,0.072754,0.458082,poor,0.162691,poor,2.144054,1.0,0.466406,poor,1.286897,1.417689,good,67.693,usable_for_v1
11,sukshi_parking/11.jpeg,bev/11_bev.png,84.6567,15.3433,258.3752,sharp,0.184444,0.067768,0.367419,poor,0.151515,poor,2.144054,1.0,0.466406,poor,1.081672,1.314981,good,64.3361,needs_review
12,sukshi_parking/12.jpeg,bev/12_bev.png,86.4728,13.5272,215.4983,sharp,0.162089,0.058709,0.362203,poor,0.179687,poor,2.144054,1.0,0.466406,poor,1.076945,1.256296,good,62.3021,needs_review
13,sukshi_parking/13.jpeg,bev/13_bev.png,86.7105,13.2895,288.3441,sharp,0.169591,0.068276,0.402594,poor,0.166493,poor,2.144054,1.0,0.466406,poor,1.052912,1.201454,good,67.4239,usable_for_v1
14,sukshi_parking/14.jpeg,bev/14_bev.png,85.4554,14.5446,285.7006,sharp,0.178522,0.074051,0.4148,poor,0.153725,poor,2.144054,1.0,0.466406,poor,1.084139,1.291665,good,66.8644,usable_for_v1
15,sukshi_parking/15.jpeg,bev/15_bev.png,87.7678,12.2322,298.2017,sharp,0.130931,0.061969,0.473292,poor,0.19002,poor,2.144054,1.0,0.466406,poor,0.905085,1.112959,good,69.4053,usable_for_v1
16,sukshi_parking/16.jpeg,bev/16_bev.png,92.9787,7.0213,214.8568,sharp,0.130958,0.033619,0.256719,poor,0.223637,poor,2.144054,1.0,0.466406,poor,1.091053,1.059548,good,63.4902,needs_review
17,sukshi_parking/17.jpeg,bev/17_bev.png,96.5215,3.4785,41.9119,blurry,0.151696,0.018636,0.122852,poor,0.215558,poor,2.144054,1.0,0.466406,poor,1.193095,1.140982,good,51.3864,needs_review
18,sukshi_parking/18.jpeg,bev/18_bev.png,99.9988,0.0012,57.9835,blurry,0.097266,0.024947,0.256477,poor,0.310703,poor,2.144054,1.0,0.466406,poor,1.099617,0.843645,good,56.0906,needs_review
19,sukshi_parking/19.jpeg,bev/19_bev.png,97.678,2.322,125.2583,sharp,0.104885,0.035306,0.336611,poor,0.271362,poor,2.144054,1.0,0.466406,poor,1.17319,0.950557,good,60.2066,needs_review
2,sukshi_parking/2.jpeg,bev/2_bev.png,86.2201,13.7799,277.0582,sharp,0.140213,0.078739,0.561565,good,0.175347,poor,2.144054,1.0,0.466406,poor,0.846129,1.136082,good,72.6558,usable_for_v1
20,sukshi_parking/20.jpeg,bev/20_bev.png,93.2626,6.7374,115.7556,sharp,0.138631,0.027461,0.198088,poor,0.225534,poor,2.144054,1.0,0.466406,poor,1.128542,1.348467,good,56.3966,needs_review
21,sukshi_parking/21.jpeg,bev/21_bev.png,91.6456,8.3544,93.795,blurry,0.134574,0.026528,0.197125,poor,0.223039,poor,2.144054,1.0,0.466406,poor,1.088053,1.293702,good,54.4812,needs_review
22,sukshi_parking/22.jpeg,bev/22_bev.png,88.7619,11.2381,192.9956,sharp,0.160403,0.05426,0.338272,poor,0.171719,poor,0.870262,1.0,1.149079,good,0.872484,1.247421,good,71.0154,usable_for_v1
23,sukshi_parking/23.jpeg,bev/23_bev.png,89.0972,10.9028,50.3821,blurry,0.096687,0.018839,0.194843,poor,0.281069,poor,2.144054,1.0,0.466406,poor,0.863273,1.161435,good,51.7976,needs_review
24,sukshi_parking/24.jpeg,bev/24_bev.png,96.697,3.303,77.4926,blurry,0.110372,0.024831,0.224972,poor,0.281437,poor,2.144054,1.0,0.466406,poor,0.984754,1.009297,good,55.8117,needs_review
25,sukshi_parking/25.jpeg,bev/25_bev.png,89.4415,10.5585,121.8467,sharp,0.152672,0.036336,0.238002,poor,0.185477,poor,2.144054,1.0,0.466406,poor,1.081105,1.136559,good,55.6457,needs_review
26,sukshi_parking/26.jpeg,bev/26_bev.png,81.4761,18.5239,615.1488,sharp,0.125377,0.088532,0.706125,good,0.192612,poor,1.775805,1.0,0.563125,good,0.83191,1.023355,good,83.2582,usable_for_v1
27,sukshi_parking/27.jpeg,bev/27_bev.png,59.334,40.666,66.9472,blurry,0.008028,0.004924,0.613322,good,0.569835,good,1.777778,1.0,0.5625,good,0.776268,0.793707,good,67.8442,usable_for_v1
28,sukshi_parking/28.jpeg,bev/28_bev.png,91.8201,8.1799,168.6017,sharp,0.06962,0.028203,0.405095,poor,0.31144,poor,2.144054,1.0,0.466406,poor,0.860148,0.896936,good,62.9177,needs_review
29,sukshi_parking/29.jpeg,bev/29_bev.png,93.9406,6.0594,149.1251,sharp,0.046132,0.024154,0.523589,good,0.378167,poor,2.144054,1.0,0.466406,poor,0.964554,0.911913,good,69.0993,usable_for_v1
3,sukshi_parking/3.jpeg,bev/3_bev.png,90.2265,9.7735,204.4463,sharp,0.13876,0.072917,0.525491,good,0.19281,poor,2.144054,1.0,0.466406,poor,0.947464,1.171754,good,69.0785,usable_for_v1
30,sukshi_parking/30.jpeg,bev/30_bev.png,95.0507,4.9493,151.603,sharp,0.044424,0.021163,0.476372,poor,0.411399,good,2.144054,1.0,0.466406,poor,0.958485,0.870545,good,64.8042,needs_review
31,sukshi_parking/31.jpeg,bev/31_bev.png,91.679,8.321,192.0538,sharp,0.115347,0.045016,0.390267,poor,0.217925,poor,2.144054,1.0,0.466406,poor,0.856826,0.927146,good,62.8949,needs_review
32,sukshi_parking/32.jpeg,bev/32_bev.png,94.474,5.526,156.4353,sharp,0.04499,0.022444,0.498873,poor,0.403726,good,2.144054,1.0,0.466406,poor,0.951478,0.893051,good,65.0921,usable_for_v1
33,sukshi_parking/33.jpeg,bev/33_bev.png,95.4216,4.5784,151.6949,sharp,0.04404,0.021025,0.477404,poor,0.431454,good,2.144054,1.0,0.466406,poor,0.938033,0.797737,good,65.2142,usable_for_v1
34,sukshi_parking/34.jpeg,bev/34_bev.png,91.8844,8.1156,211.977,sharp,0.043411,0.01959,0.451257,poor,0.427073,good,2.144054,1.0,0.466406,poor,0.810685,0.770105,good,68.0216,usable_for_v1
35,sukshi_parking/35.jpeg,bev/35_bev.png,88.3403,11.6597,320.7455,sharp,0.106738,0.04792,0.44895,poor,0.221865,poor,2.144054,1.0,0.466406,poor,0.798254,0.865746,good,69.9026,usable_for_v1
36,sukshi_parking/36.jpeg,bev/36_bev.png,86.4749,13.5251,301.6332,sharp,0.131976,0.081062,0.61422,good,0.224732,poor,1.797753,1.0,0.55625,good,0.919351,0.94908,good,84.9897,usable_for_v1
38,sukshi_parking/38.jpeg,bev/38_bev.png,84.1306,15.8694,518.994,sharp,0.182761,0.11243,0.615174,good,0.109895,poor,1.777778,1.0,0.5625,good,1.005473,1.121056,good,82.6811,usable_for_v1
39,sukshi_parking/39.jpeg,bev/39_bev.png,87.8359,12.1641,124.2068,sharp,0.089842,0.047272,0.526165,good,0.29495,poor,1.769912,1.0,0.565,good,0.814243,0.842607,good,74.6637,usable_for_v1
4,sukshi_parking/4.jpeg,bev/4_bev.png,77.3854,22.6146,215.7834,sharp,0.181222,0.06939,0.382899,poor,0.145464,poor,2.144054,1.0,0.466406,poor,0.876307,1.259737,good,59.7429,needs_review
40,sukshi_parking/40.jpeg,bev/40_bev.png,88.9566,11.0434,424.6109,sharp,0.156271,0.101682,0.650678,good,0.181602,poor,1.325987,1.0,0.754155,good,0.935143,1.071216,good,84.9632,usable_for_v1
41,sukshi_parking/41.jpeg,bev/41_bev.png,71.679,28.321,173.034,sharp,0.088817,0.037265,0.419567,poor,0.305339,poor,1.333333,1.0,0.75,good,0.848692,0.748329,good,68.2311,usable_for_v1
43,sukshi_parking/43.jpeg,bev/43_bev.png,59.1842,40.8158,310.4254,sharp,0.139898,0.06449,0.460976,poor,0.199525,poor,1.333333,1.0,0.75,good,0.69601,0.702971,good,72.3987,usable_for_v1
44,sukshi_parking/44.jpeg,bev/44_bev.png,76.5617,23.4383,136.3146,sharp,0.132137,0.046009,0.348191,poor,0.188921,poor,2.139037,1.0,0.4675,poor,0.738367,0.82365,good,54.5438,needs_review
45,sukshi_parking/45.jpeg,bev/45_bev.png,86.4269,13.5731,134.7905,sharp,0.08519,0.036261,0.425648,poor,0.319287,poor,1.769912,1.0,0.565,good,0.820747,0.92462,good,69.6386,usable_for_v1
46,sukshi_parking/46.jpeg,bev/46_bev.png,86.3824,13.6176,503.4881,sharp,0.133998,0.086451,0.64517,good,0.184992,poor,2.099738,1.0,0.47625,poor,0.903939,1.096049,good,74.3705,usable_for_v1
47,sukshi_parking/47.jpeg,bev/47_bev.png,82.8275,17.1725,191.4442,sharp,0.041912,0.028398,0.677552,good,0.358341,poor,1.777778,1.0,0.5625,good,0.891635,1.047881,good,78.8449,usable_for_v1
48,sukshi_parking/48.jpeg,bev/48_bev.png,82.7562,17.2438,554.8597,sharp,0.145272,0.083647,0.575796,good,0.158298,poor,1.777778,1.0,0.5625,good,0.744936,1.030144,good,83.0635,usable_for_v1
49,sukshi_parking/49.jpeg,bev/49_bev.png,66.7446,33.2554,584.8408,sharp,0.154624,0.101858,0.658743,good,0.13178,poor,1.777778,1.0,0.5625,good,0.742387,0.95962,good,78.6628,usable_for_v1
5,sukshi_parking/5.jpeg,bev/5_bev.png,90.6219,9.3781,269.2779,sharp,0.166365,0.075857,0.455968,poor,0.166919,poor,2.144054,1.0,0.466406,poor,0.877235,1.160982,good,67.6708,usable_for_v1
6,sukshi_parking/6.jpeg,bev/6_bev.png,94.1564,5.8436,206.1212,sharp,0.125157,0.072846,0.582036,good,0.216351,poor,2.144054,1.0,0.466406,poor,1.062182,1.126855,good,70.5258,usable_for_v1
7,sukshi_parking/7.jpeg,bev/7_bev.png,84.7577,15.2423,162.659,sharp,0.148465,0.047401,0.319277,poor,0.157116,poor,2.144054,1.0,0.466406,poor,0.869683,1.195171,good,57.5829,needs_review
9,sukshi_parking/9.jpeg,bev/9_bev.png,86.4235,13.5765,180.5236,sharp,0.170687,0.060165,0.352485,poor,0.15169,poor,2.144054,1.0,0.466406,poor,1.25802,1.424192,good,59.441,needs_review
